selection_metric,competition_intensity,final_bridge_share,final_bridge_capacity,final_sink_capacity,final_population_mass,final_mean_material_growth,verdict
material viability,0.0,0.5,0.8393914975714976,0.08540183018930941,0.44035581537753327,-0.008782328816573728,no competition: shares remain fixed
material viability,0.4,0.9252849776929851,0.8393914975714976,0.08540183018930941,2.192236727593556,0.02616710121335674,competition selects the capacity-preserving rule
material viability,1.2,0.999480080117039,0.8393914975714976,0.08540183018930941,5.734411604368651,0.03226436934353967,competition selects the capacity-preserving rule
engagement proxy,0.0,0.5,0.8393914975714976,0.08540183018930941,0.44035581537753327,-0.008782328816573728,no competition: shares remain fixed
engagement proxy,0.4,4.324246990199283e-13,0.8393914975714976,0.08540183018930941,0.02235132176213561,-0.049871753394286386,competition selects the high-engagement sink
engagement proxy,1.2,1.5693317625512912e-38,0.8393914975714976,0.08540183018930941,0.020191750899258797,-0.04987175339432192,competition selects the high-engagement sink
